Insert into SCOTT.DIRECTOR (ID,FIRST_NAME,MID_NAME,LAST_NAME,ABOUT) values (0,'Alfred','Joseph','Hitchcock',null);
Insert into SCOTT.DIRECTOR (ID,FIRST_NAME,MID_NAME,LAST_NAME,ABOUT) values (1,'Buster',null,'Keaton',null);
Insert into SCOTT.DIRECTOR (ID,FIRST_NAME,MID_NAME,LAST_NAME,ABOUT) values (2,'Fritz',null,'Lang',null);
Insert into SCOTT.DIRECTOR (ID,FIRST_NAME,MID_NAME,LAST_NAME,ABOUT) values (3,'Friedrich','Wilhelm','Murnau',null);
Insert into SCOTT.DIRECTOR (ID,FIRST_NAME,MID_NAME,LAST_NAME,ABOUT) values (4,'Charles','Spencer','Chaplin',null);
Insert into SCOTT.DIRECTOR (ID,FIRST_NAME,MID_NAME,LAST_NAME,ABOUT) values (5,'Carl','Theodor','Dreyer',null);
Insert into SCOTT.DIRECTOR (ID,FIRST_NAME,MID_NAME,LAST_NAME,ABOUT) values (6,'Robert',null,'Wiene',null);
Insert into SCOTT.DIRECTOR (ID,FIRST_NAME,MID_NAME,LAST_NAME,ABOUT) values (7,'Sergej','Mihailovich','Eisenstein',null);
Insert into SCOTT.DIRECTOR (ID,FIRST_NAME,MID_NAME,LAST_NAME,ABOUT) values (8,'Erich','von','Stroheim',null);
Insert into SCOTT.DIRECTOR (ID,FIRST_NAME,MID_NAME,LAST_NAME,ABOUT) values (9,'Georg','Wilhelm','Pabst',null);
Insert into SCOTT.DIRECTOR (ID,FIRST_NAME,MID_NAME,LAST_NAME,ABOUT) values (10,'David','Wark','Griffith',null);
Insert into SCOTT.DIRECTOR (ID,FIRST_NAME,MID_NAME,LAST_NAME,ABOUT) values (11,'Rupert',null,'Julian',null);
Insert into SCOTT.DIRECTOR (ID,FIRST_NAME,MID_NAME,LAST_NAME,ABOUT) values (12,'Edward','Minturn','Sedgwick',null);


Insert into SCOTT.GENRE (ID,NAME) values ('0','Family');
Insert into SCOTT.GENRE (ID,NAME) values ('1','Comedy');
Insert into SCOTT.GENRE (ID,NAME) values ('2','Action');
Insert into SCOTT.GENRE (ID,NAME) values ('3','Adventure');
Insert into SCOTT.GENRE (ID,NAME) values ('4','Crime');
Insert into SCOTT.GENRE (ID,NAME) values ('5','Drama');
Insert into SCOTT.GENRE (ID,NAME) values ('6','Fantasy');
Insert into SCOTT.GENRE (ID,NAME) values ('7','Horror');
Insert into SCOTT.GENRE (ID,NAME) values ('8','Romance');
Insert into SCOTT.GENRE (ID,NAME) values ('9','Thriller');
Insert into SCOTT.GENRE (ID,NAME) values ('10','Mystery');
Insert into SCOTT.GENRE (ID,NAME) values ('11','History');
Insert into SCOTT.GENRE (ID,NAME) values ('12','Biography');
Insert into SCOTT.GENRE (ID,NAME) values ('13','Sport');
Insert into SCOTT.GENRE (ID,NAME) values ('14','Western');
Insert into SCOTT.GENRE (ID,NAME) values ('15','Sci-fi');

Insert into SCOTT.MOVIE  (ID,TITLE,DIRECTOR_ID,RELEASE_YEAR,RATING,ABOUT) values (0,'The Lodger: A Story of the London Fog','0','1927','7,3','A landlady suspects her new lodger is the madman killing women in London.');
Insert into SCOTT.MOVIE (ID,TITLE,DIRECTOR_ID,RELEASE_YEAR,RATING,ABOUT) values (1,'The General','1','1926','8,3','Johnnie loves his train (""The General"") and Annabelle Lee. When the Civil War begins he is turned down for service because he''s more valuable as an engineer. Annabelle thinks it''s because he''s a coward. Union spies capture The General with Annabelle on board. Johnny must rescue both his loves.');
Insert into SCOTT.MOVIE (ID,TITLE,DIRECTOR_ID,RELEASE_YEAR,RATING,ABOUT) values (2,'Metropolis','2','1927','8,3','It is the future, and humans are divided into two groups: the thinkers, who make plans (but don''t know how anything works), and the workers, who achieve goals (but don''t have the vision). Completely separate, neither group is complete, but together they make a whole. One man from the "thinkers" dares visit the underground where the workers toil, and is astonished by what he sees...');
Insert into SCOTT.MOVIE (ID,TITLE,DIRECTOR_ID,RELEASE_YEAR,RATING,ABOUT) values (3,'Sunrise: A Song of Two Humans','3','1927','8,3','A married farmer falls under the spell of a slatternly woman from the city, who tries to convince him to drown his wife.');
Insert into SCOTT.MOVIE (ID,TITLE,DIRECTOR_ID,RELEASE_YEAR,RATING,ABOUT) values (4,'City Lights','4','1931','8,6','A tramp falls in love with a beautiful blind girl. Her family is in financial trouble. The tramp''s on-and-off friendship with a wealthy man allows him to be the girl''s benefactor and suitor.');
Insert into SCOTT.MOVIE (ID,TITLE,DIRECTOR_ID,RELEASE_YEAR,RATING,ABOUT) values (5,'Nosferatu','3','1922','8','Count Orlok moves to Wisburg and brings the plague. This reveals his connection to the Realtor Thomas Hutter, and the Count''s obsession with Hutter''s wife, Ellen - the only one with the power to end the evil.');
Insert into SCOTT.MOVIE (ID,TITLE,DIRECTOR_ID,RELEASE_YEAR,RATING,ABOUT) values (6,'The Gold Rush','4','1925','8,2','A lone prospector ventures into Alaska looking for gold. He gets mixed up with some burly characters and falls in love with the beautiful Georgia. He tries to win her heart with his singular charm.');
Insert into SCOTT.MOVIE (ID,TITLE,DIRECTOR_ID,RELEASE_YEAR,RATING,ABOUT) values (7,'The Passion of Joan of Arc','5','1928','8,3','A chronicle of the trial of Jeanne d''Arc on charges of heresy, and the efforts of her ecclesiastical jurists to force Jeanne to recant her claims of holy visions.');
Insert into SCOTT.MOVIE (ID,TITLE,DIRECTOR_ID,RELEASE_YEAR,RATING,ABOUT) values (8,'The Cabinet of Dr. Caligari','6','1920','8,1','Francis and his friend, Alan, visit a traveling fair where one of the acts is a certain Dr. Caligari''s presentation of a hypnotized sleepwalker named Cesare who can tell the future. Cesare predicts Alan will be dead by the next morning, and he is in fact murdered in the night. Francis becomes suspicious of Caligari and Cesare.');
Insert into SCOTT.MOVIE (ID,TITLE,DIRECTOR_ID,RELEASE_YEAR,RATING,ABOUT) values (9,'Battleship Potemkin','7','1925','8','A dramatized account of a great Russian naval mutiny and a resulting street demonstration which brought on a police massacre.');
Insert into SCOTT.MOVIE (ID,TITLE,DIRECTOR_ID,RELEASE_YEAR,RATING,ABOUT) values (10,'Greed','8','1924','7,9','Miner-turned-dentist McTeague wins young Trina Sieppe away from her cousin Marcus, McTeague''s friend. When Trina wins five thousand dollars in a lottery, Marcus accuses McTeague of marrying her for her money. Trina becomes more and more obsessed with money, refusing to spend any of her winnings even though she and her husband are forced into dire straits. When Marcus informs the authorities that McTeague is not licensed as a dentist, thus depriving him of his meagre living, the friendship and the marriage are destroyed.');
Insert into SCOTT.MOVIE (ID,TITLE,DIRECTOR_ID,RELEASE_YEAR,RATING,ABOUT) values (11,'Pandora''s Box','9','1929','8','The rise and inevitable fall of an amoral but naive young woman whose insouciant eroticism inspires lust and violence in those around her.');
Insert into SCOTT.MOVIE (ID,TITLE,DIRECTOR_ID,RELEASE_YEAR,RATING,ABOUT) values (12,'The Birth of a Nation','10','1915','6,8','Two brothers, Phil and Ted Stoneman, visit their friends in Piedmont, South Carolina: the family Cameron. This friendship is affected by the Civil War, as the Stonemans and the Camerons must join up opposite armies. The consequences of the War in their lives are shown in connection to major historical events, like the development of the Civil War itself, Lincoln''s assassination, and the birth of the Ku Klux Klan.');
Insert into SCOTT.MOVIE (ID,TITLE,DIRECTOR_ID,RELEASE_YEAR,RATING,ABOUT) values (13,'Intolerance ','10','1916','8','Intolerance and its terrible effects are examined in four historical eras. In ancient Babylon, a mountain girl is caught up in the religious rivalry that leads to the city''s downfall. In Judea, the hypocritical Pharisees condemn Jesus Christ. In 1572 Paris, unaware of the impending St. Bartholomew''s Day Massacre, two young Huguenots prepare for marriage. Finally, in modern America, social reformers destroy the lives of a young woman and her beloved.');
Insert into SCOTT.MOVIE (ID,TITLE,DIRECTOR_ID,RELEASE_YEAR,RATING,ABOUT) values (14,'Sherlock, Jr.','1','1924','8,3','A projectionist is studying to be a detective and is in love with a young lady. When he proposes her, his rival steals the chain watch of her father and incriminates him. The disappointed young projectionist returns to his job and while projecting the film, he dreams on being the detective of the story.');
Insert into SCOTT.MOVIE (ID,TITLE,DIRECTOR_ID,RELEASE_YEAR,RATING,ABOUT) values (15,'The Phantom of the Opera ','11','1925','7,7','At the Opera of Paris, a mysterious phantom threatens a famous lyric singer, Carlotta and thus forces her to give up her role (Marguerite in Faust) for unknown Christine Daae. Christine meets this phantom (a masked man) in the catacombs, where he lives. What''s his goal? What''s his secret?');
Insert into SCOTT.MOVIE (ID,TITLE,DIRECTOR_ID,RELEASE_YEAR,RATING,ABOUT) values (16,'Broken Blossoms ','10','1919','7,6','A frail waif, abused by her brutish boxer father in London''s seedy Limehouse District, is befriended by a sensitive Chinese immigrant with tragic consequences.');
Insert into SCOTT.MOVIE (ID,TITLE,DIRECTOR_ID,RELEASE_YEAR,RATING,ABOUT) values (17,'The Last Laugh ','3','1924','8,1','An aging doorman, after being fired from his prestigious job at a luxurious Hotel is forced to face the scorn of his friends, neighbours and society.An aging doorman, after being fired from his prestigious job at a luxurious Hotel is forced to face the scorn of his friends, neighbours and society.');
Insert into SCOTT.MOVIE (ID,TITLE,DIRECTOR_ID,RELEASE_YEAR,RATING,ABOUT) values (18,'The Kid','4','1921','8,3','The Tramp cares for an abandoned child, but events put that relationship in jeopardy.');
Insert into SCOTT.MOVIE (ID,TITLE,DIRECTOR_ID,RELEASE_YEAR,RATING,ABOUT) values (19,'Faust','3','1926','8,1','God and Satan war over earth; to settle things, they wager on the soul of Faust, a learned and prayerful alchemist. During a plague, Faust despairs and burns his books after failing to stop death; Satan sends Mephisto to tempt Faust, first with insight into treating the plague and then with a day''s return to youth. Mephisto is clever, timing the end of this 24 hours as Faust embraces the beautiful Duchess of Parma. Faust trades his soul for youth. Some time later, he''s bored, and demands on Easter Sunday that Mephisto take him home. Faust promptly sees and falls in love with the beautiful Gretchen, whose liaison with him brings her dishonor. Is there redemption? Who wins the wager? ');
Insert into SCOTT.MOVIE (ID,TITLE,DIRECTOR_ID,RELEASE_YEAR,RATING,ABOUT) values (20,'The Circus','4','1928','8,1','When we first meet Chaplin''s Tramp in this comic gem, he''s in typical straits: broke, hungry, destined to fall in love and lust just as sure to lose the girl. Mistaken for a pickpocket and pursued by a peace officer into a circus tent, the Tramp becomes a star when delighted Patrons think his escape from John Law is an act. Classic highlights include a frenetic fun-house sequence, the Tramp turningia magic skit into mayhem and his teetering tightrope walk while monkeys cling to his head. This is comedy without a net!');
Insert into SCOTT.MOVIE (ID,TITLE,DIRECTOR_ID,RELEASE_YEAR,RATING,ABOUT) values (21,'Dr. Mabuse: The Gambler','2','1922','7,9','Arch-criminal Dr. Mabuse sets out to make a fortune and run Berlin. Detective Wenk sets out to stop him.');
Insert into SCOTT.MOVIE (ID,TITLE,DIRECTOR_ID,RELEASE_YEAR,RATING,ABOUT) values (22,'The Cameraman','12','1928','8,3','Hopelessly in love with a woman working at MGM Studios, a clumsy man attempts to become a motion picture cameraman to be close to the object of his desire. ');
Insert into SCOTT.MOVIE (ID,TITLE,DIRECTOR_ID,RELEASE_YEAR,RATING,ABOUT) values (23,'Der letzte Mann','3','1924','8,1','An aging doorman, after being fired from his prestigious job at a luxurious Hotel is forced to face the scorn of his friends, neighbours and society.');
Insert into SCOTT.MOVIE (ID,TITLE,DIRECTOR_ID,RELEASE_YEAR,RATING,ABOUT) values (24,'Foolish Wives','8','1922','7,3','A con artist masquerades a Russian nobility and attempts to seduce the wife of an American diplomat.');


Insert into SCOTT.MOVIE_HAS_GENRE (MOVIE_ID,GENRE_ID) values ('0','4');
Insert into SCOTT.MOVIE_HAS_GENRE (MOVIE_ID,GENRE_ID) values ('0','5');
Insert into SCOTT.MOVIE_HAS_GENRE (MOVIE_ID,GENRE_ID) values ('0','10');
Insert into SCOTT.MOVIE_HAS_GENRE (MOVIE_ID,GENRE_ID) values ('1','1');
Insert into SCOTT.MOVIE_HAS_GENRE (MOVIE_ID,GENRE_ID) values ('1','8');
Insert into SCOTT.MOVIE_HAS_GENRE (MOVIE_ID,GENRE_ID) values ('1','2');
Insert into SCOTT.MOVIE_HAS_GENRE (MOVIE_ID,GENRE_ID) values ('2','15');
Insert into SCOTT.MOVIE_HAS_GENRE (MOVIE_ID,GENRE_ID) values ('2','5');
Insert into SCOTT.MOVIE_HAS_GENRE (MOVIE_ID,GENRE_ID) values ('3','5');
Insert into SCOTT.MOVIE_HAS_GENRE (MOVIE_ID,GENRE_ID) values ('3','8');
Insert into SCOTT.MOVIE_HAS_GENRE (MOVIE_ID,GENRE_ID) values ('4','8');
Insert into SCOTT.MOVIE_HAS_GENRE (MOVIE_ID,GENRE_ID) values ('4','5');
Insert into SCOTT.MOVIE_HAS_GENRE (MOVIE_ID,GENRE_ID) values ('4','1');
Insert into SCOTT.MOVIE_HAS_GENRE (MOVIE_ID,GENRE_ID) values ('5','9');
Insert into SCOTT.MOVIE_HAS_GENRE (MOVIE_ID,GENRE_ID) values ('5','7');
Insert into SCOTT.MOVIE_HAS_GENRE (MOVIE_ID,GENRE_ID) values ('6','1');
Insert into SCOTT.MOVIE_HAS_GENRE (MOVIE_ID,GENRE_ID) values ('6','5');
Insert into SCOTT.MOVIE_HAS_GENRE (MOVIE_ID,GENRE_ID) values ('6','3');
Insert into SCOTT.MOVIE_HAS_GENRE (MOVIE_ID,GENRE_ID) values ('7','12');
Insert into SCOTT.MOVIE_HAS_GENRE (MOVIE_ID,GENRE_ID) values ('7','11');
Insert into SCOTT.MOVIE_HAS_GENRE (MOVIE_ID,GENRE_ID) values ('7','5');
Insert into SCOTT.MOVIE_HAS_GENRE (MOVIE_ID,GENRE_ID) values ('8','9');
Insert into SCOTT.MOVIE_HAS_GENRE (MOVIE_ID,GENRE_ID) values ('8','5');
Insert into SCOTT.MOVIE_HAS_GENRE (MOVIE_ID,GENRE_ID) values ('8','4');
Insert into SCOTT.MOVIE_HAS_GENRE (MOVIE_ID,GENRE_ID) values ('9','5');
Insert into SCOTT.MOVIE_HAS_GENRE (MOVIE_ID,GENRE_ID) values ('9','11');
Insert into SCOTT.MOVIE_HAS_GENRE (MOVIE_ID,GENRE_ID) values ('10','5');
Insert into SCOTT.MOVIE_HAS_GENRE (MOVIE_ID,GENRE_ID) values ('10','8');
Insert into SCOTT.MOVIE_HAS_GENRE (MOVIE_ID,GENRE_ID) values ('11','5');
Insert into SCOTT.MOVIE_HAS_GENRE (MOVIE_ID,GENRE_ID) values ('12','14');
Insert into SCOTT.MOVIE_HAS_GENRE (MOVIE_ID,GENRE_ID) values ('12','5');
Insert into SCOTT.MOVIE_HAS_GENRE (MOVIE_ID,GENRE_ID) values ('12','2');
Insert into SCOTT.MOVIE_HAS_GENRE (MOVIE_ID,GENRE_ID) values ('12','11');
Insert into SCOTT.MOVIE_HAS_GENRE (MOVIE_ID,GENRE_ID) values ('13','5');
Insert into SCOTT.MOVIE_HAS_GENRE (MOVIE_ID,GENRE_ID) values ('13','8');
Insert into SCOTT.MOVIE_HAS_GENRE (MOVIE_ID,GENRE_ID) values ('13','11');
Insert into SCOTT.MOVIE_HAS_GENRE (MOVIE_ID,GENRE_ID) values ('14','1');
Insert into SCOTT.MOVIE_HAS_GENRE (MOVIE_ID,GENRE_ID) values ('14','10');
Insert into SCOTT.MOVIE_HAS_GENRE (MOVIE_ID,GENRE_ID) values ('14','6');
Insert into SCOTT.MOVIE_HAS_GENRE (MOVIE_ID,GENRE_ID) values ('14','4');
Insert into SCOTT.MOVIE_HAS_GENRE (MOVIE_ID,GENRE_ID) values ('15','5');
Insert into SCOTT.MOVIE_HAS_GENRE (MOVIE_ID,GENRE_ID) values ('15','7');
Insert into SCOTT.MOVIE_HAS_GENRE (MOVIE_ID,GENRE_ID) values ('15','9');
Insert into SCOTT.MOVIE_HAS_GENRE (MOVIE_ID,GENRE_ID) values ('16','5');
Insert into SCOTT.MOVIE_HAS_GENRE (MOVIE_ID,GENRE_ID) values ('16','8');
Insert into SCOTT.MOVIE_HAS_GENRE (MOVIE_ID,GENRE_ID) values ('16','2');
Insert into SCOTT.MOVIE_HAS_GENRE (MOVIE_ID,GENRE_ID) values ('17','5');
Insert into SCOTT.MOVIE_HAS_GENRE (MOVIE_ID,GENRE_ID) values ('18','0');
Insert into SCOTT.MOVIE_HAS_GENRE (MOVIE_ID,GENRE_ID) values ('18','1');
Insert into SCOTT.MOVIE_HAS_GENRE (MOVIE_ID,GENRE_ID) values ('18','5');
Insert into SCOTT.MOVIE_HAS_GENRE (MOVIE_ID,GENRE_ID) values ('19','6');
Insert into SCOTT.MOVIE_HAS_GENRE (MOVIE_ID,GENRE_ID) values ('19','7');
Insert into SCOTT.MOVIE_HAS_GENRE (MOVIE_ID,GENRE_ID) values ('20','8');
Insert into SCOTT.MOVIE_HAS_GENRE (MOVIE_ID,GENRE_ID) values ('20','1');
Insert into SCOTT.MOVIE_HAS_GENRE (MOVIE_ID,GENRE_ID) values ('21','4');
Insert into SCOTT.MOVIE_HAS_GENRE (MOVIE_ID,GENRE_ID) values ('21','9');
Insert into SCOTT.MOVIE_HAS_GENRE (MOVIE_ID,GENRE_ID) values ('22','0');
Insert into SCOTT.MOVIE_HAS_GENRE (MOVIE_ID,GENRE_ID) values ('22','1');
Insert into SCOTT.MOVIE_HAS_GENRE (MOVIE_ID,GENRE_ID) values ('22','8');
Insert into SCOTT.MOVIE_HAS_GENRE (MOVIE_ID,GENRE_ID) values ('23','5');
Insert into SCOTT.MOVIE_HAS_GENRE (MOVIE_ID,GENRE_ID) values ('24','5');
Insert into SCOTT.MOVIE_HAS_GENRE (MOVIE_ID,GENRE_ID) values ('24','9');
